﻿<?xml version="1.0" encoding="utf-8" ?>
<Patch>
	<Operation Class="PatchOperationFindMod">
		<mods>
			<li>Vanilla Cooking Expanded</li>
		</mods>
		<match Class="PatchOperationSequence">
			<success>Always</success>
			<operations>
			<li Class="PatchOperationAdd">
				<success>Always</success>
				<xpath>/Defs</xpath>
				<value>
					<ItemProcessor.CombinationDef>
						<defName>VCE_HumanoidMilkIntoCheese</defName>
						<building>VCE_CheesePress</building>
						<items>
							<li>HumanoidMilk</li>
						</items>
						<amount>
							<li>50</li>
						</amount>
						<result>VCE_HumanoidCheese</result>
						<yield>25</yield>
						<useQualityIncreasing>true</useQualityIncreasing>
						<awfulQualityAgeDaysThreshold>8</awfulQualityAgeDaysThreshold>
						<poorQualityAgeDaysThreshold>15</poorQualityAgeDaysThreshold>
						<normalQualityAgeDaysThreshold>25</normalQualityAgeDaysThreshold>
						<goodQualityAgeDaysThreshold>35</goodQualityAgeDaysThreshold>
						<excellentQualityAgeDaysThreshold>40</excellentQualityAgeDaysThreshold>
						<masterworkQualityAgeDaysThreshold>45</masterworkQualityAgeDaysThreshold>
						<legendaryQualityAgeDaysThreshold>75</legendaryQualityAgeDaysThreshold>
					</ItemProcessor.CombinationDef>
				</value>
			</li>
			<li Class="PatchOperationAdd">
				<success>Always</success>
				<xpath>/Defs</xpath>
				<value>
					<ThingDef ParentName="MealBase">
						<defName>VCE_HumanoidCheese</defName>
						<label>humanoid cheese</label>
						<description>Cheese made from humanoid milk</description>
						<graphicData>
							<texPath>Things/Items/Cheese/VCE_WeirdCheese</texPath>
							<graphicClass>Graphic_StackCount</graphicClass>
						</graphicData>
						<tradeability>Sellable</tradeability>
						<stackLimit>75</stackLimit>
						<statBases>
							<MarketValue>8</MarketValue>
							<Nutrition>0.1</Nutrition>
							<FoodPoisonChanceFixedHuman>0.08</FoodPoisonChanceFixedHuman>
						</statBases>
						<thingCategories>
							<li>VCE_Cheese</li>
						</thingCategories>
						<ingestible>
							<preferability>MealLavish</preferability>
							<ingestEffect>EatMeat</ingestEffect>
							<ingestSound>Meal_Eat</ingestSound>
							<maxNumToIngestAtOnce>5</maxNumToIngestAtOnce>
						</ingestible>
						<comps>
							<li Class="CompProperties_Rottable">
								<daysToRotStart>80</daysToRotStart>
								<rotDestroys>true</rotDestroys>
							</li>
							<li>
								<compClass>CompQuality</compClass>
							</li>
							<li Class="VanillaCookingExpanded.CompProperties_StackByQuality" />
						</comps>
					</ThingDef>
				</value>
			</li>
			<li Class="PatchOperationAdd">
				<success>Always</success>
				<xpath>/Defs/ItemProcessor.ItemAcceptedDef[defName = "IP_CheesePressFirstItem"]/items</xpath>
				<value>
					<li>HumanoidMilk</li>
				</value>
			</li>
			</operations>
		</match>
	</Operation>
	
	<Operation Class="PatchOperationFindMod">
		<mods>
			<li>VGP Garden Gourmet</li>
		</mods>
		<match Class="PatchOperationSequence">
			<operations>
				<li Class="PatchOperationAdd">
					<success>Always</success>
					<xpath>/Defs/RecipeDef[defName = "Makesoycheese"]/ingredients/li/filter/thingDefs</xpath>
					<value>
						<li>HumanoidMilk</li>
					</value>
				</li>
				<li Class="PatchOperationAdd">
					<success>Always</success>
					<xpath>/Defs/RecipeDef[defName = "Makesoycheese"]/fixedIngredientFilter/thingDefs</xpath>
					<value>
						<li>HumanoidMilk</li>
					</value>
				</li>
				<li Class="PatchOperationAdd">
					<success>Always</success>
					<xpath>/Defs/RecipeDef[defName = "MakeBulksoycheese"]/ingredients/li/filter/thingDefs</xpath>
					<value>
						<li>HumanoidMilk</li>
					</value>
				</li>
				<li Class="PatchOperationAdd">
					<success>Always</success>
					<xpath>/Defs/RecipeDef[defName = "MakeBulksoycheese"]/fixedIngredientFilter/thingDefs</xpath>
					<value>
						<li>HumanoidMilk</li>
					</value>
				</li>
			</operations>
		</match>
	</Operation>
	
	<Operation Class="PatchOperationFindMod">
		<mods>
			<li>RimCuisine 2 Meals and Munchies Expansion (Continued)</li>
		</mods>
		<match Class="PatchOperationSequence">
			<operations>
				<li Class="PatchOperationAdd">
					<success>Always</success>
					<xpath>/Defs/RecipeDef[defName = "RC2_MakeCurds"]/ingredients/li/filter/thingDefs</xpath>
					<value>
						<li>HumanoidMilk</li>
					</value>
				</li>
				<li Class="PatchOperationAdd">
					<success>Always</success>
					<xpath>/Defs/RecipeDef[defName = "RC2_MakeCurds"]/fixedIngredientFilter/thingDefs</xpath>
					<value>
						<li>HumanoidMilk</li>
					</value>
				</li>
				<li Class="PatchOperationAdd">
					<success>Always</success>
					<xpath>/Defs/RecipeDef[defName = "RC2_MakeCurds"]/defaultIngredientFilter/thingDefs</xpath>
					<value>
						<li>HumanoidMilk</li>
					</value>
				</li>
			</operations>
		</match>
	</Operation>
</Patch>
