<?xml version="1.0" encoding="utf-8" ?>
<Patch>
	<Operation Class="PatchOperationSequence">
		<success>Always</success>
		<operations>
			<li Class="PatchOperationTest">
				<xpath>/Defs/ThingDef[defName="Human"]/comps</xpath>
				<success>Invert</success>
			</li>
			<li Class="PatchOperationAdd">
				<xpath>/Defs/ThingDef[defName="Human"]</xpath>
				<value>
					<comps />
				</value>
			</li>
		</operations>
	</Operation>

	<Operation Class="PatchOperationAdd">
		<xpath>Defs/ThingDef[defName="Human"]/comps</xpath>
		<value>
			<li Class="Milk.CompProperties_MilkableHuman">
				<milkDef>HumanoidMilk</milkDef>
				<milkIntervalDays>3</milkIntervalDays>
				<milkAmount>12</milkAmount>
				<milkFemaleOnly>false</milkFemaleOnly>
			</li>
			<li Class="Milk.CompProperties_HyperMilkableHuman">
				<milkDef>HumanoidMilk</milkDef>
				<milkIntervalDays>1</milkIntervalDays>
				<milkAmount>12</milkAmount>
				<milkFemaleOnly>false</milkFemaleOnly>
			</li>
		</value>
	</Operation>
</Patch>