<?xml version="1.0" encoding="utf-8"?>

<ModMetaData>
	<name>RimJobWorld - Milkable Colonists</name>
	<author>Ziehn, Huey, malistaticy, Ed86</author>
	<url>https://gitgud.io/Ed86/rjw-mc</url>
	<supportedVersions>
		<li>1.1</li>
		<li>1.2</li>
		<li>1.3</li>
	</supportedVersions>
	<packageId>rjw.milk.humanoid</packageId>
	<modDependencies>
		<li>
			<packageId>rim.job.world</packageId>
			<displayName>RJW</displayName>
			<downloadUrl>https://gitgud.io/Ed86/rjw</downloadUrl>
		</li>
		<li>
			<packageId>brrainz.harmony</packageId>
			<displayName>Harmony</displayName>
			<downloadUrl>https://github.com/pardeike/HarmonyRimWorld/releases/latest</downloadUrl>
			<steamWorkshopUrl>steam://url/CommunityFilePage/2009463077</steamWorkshopUrl>
		</li>
		<li>
			<packageId>UnlimitedHugs.HugsLib</packageId>
			<displayName>HugsLib</displayName>
			<downloadUrl>https://github.com/UnlimitedHugs/RimworldHugsLib/releases/latest</downloadUrl>
			<steamWorkshopUrl>steam://url/CommunityFilePage/818773962</steamWorkshopUrl>
		</li>
	</modDependencies>
	<loadAfter>
		<li>brrainz.harmony</li>
		<li>UnlimitedHugs.HugsLib</li>
		<li>erdelf.HumanoidAlienRaces</li>
		<li>rim.job.world</li>
	</loadAfter>
	<description>
<![CDATA[
Additional features to RimJobWorld:
	- milk for humanlikes
	- natural/pregnancy milk production
	- drugs related milk production
	- beasts size increase due to milking
	
Support: 
	Vanilla Cooking Expanded
	VGP Garden Gourmet
	RimCuisine 2 Meals and Munchies Expansion (Continued)
]]>
	</description>
</ModMetaData>
