<?xml version="1.0" encoding="utf-8" ?>

<Defs>
	<ThoughtDef>
		<defName>Overfilled</defName>
		<thoughtClass>Thought_Memory</thoughtClass>
		<durationDays>2.0</durationDays>
		<stackLimit>1</stackLimit>
		<stackedEffectMultiplier>1</stackedEffectMultiplier>
		<stages>
			<li>
				<label>Overfilled</label>
				<description>My breasts are full to the brim with milk. I'm leaking all over and it's starting to hurt.</description>
				<baseMoodEffect>-2</baseMoodEffect>
			</li>
		</stages>
	</ThoughtDef>
	
	<ThoughtDef>
		<defName>Very_Overfilled</defName>
		<thoughtClass>Thought_Memory</thoughtClass>
		<durationDays>2.0</durationDays>
		<stackLimit>1</stackLimit>
		<stackedEffectMultiplier>1</stackedEffectMultiplier>
		<stages>
			<li>
				<label>Grossly Overfilled</label>
				<description>My chest really hurts and my nipples are leaking milk nonstop. Drink straight from the tap, I don't care, someone please just milk me!</description>
				<baseMoodEffect>-4</baseMoodEffect>
			</li>
		</stages>
	</ThoughtDef>
</Defs>
