﻿<?xml version="1.0" encoding="utf-8" ?>
<Defs>
	<ThingDef ParentName="MakeableDrugBase">
		<defName>Lact-X</defName>
		<label>lact-X</label>
		<description>A drug that induces lactation and also has an addictive euphoric affect.\n\nTake every 3 days for uninterrupted flow.\n\nNo lactation effect in animals.</description>
		<graphicData>
			<texPath>Things/Item/Drug/Lact-X</texPath>
			<graphicClass>Graphic_StackCount</graphicClass>
		</graphicData>
		<rotatable>false</rotatable>
		<statBases>
			<WorkToMake>600</WorkToMake>
			<MarketValue>24</MarketValue>
			<Mass>0.1</Mass>
		</statBases>
		<techLevel>Industrial</techLevel>
		<ingestible>
			<joyKind>Chemical</joyKind>
			<joy>0.40</joy>
			<drugCategory>Hard</drugCategory>
			<foodType>Processed, Fluid</foodType>
			<baseIngestTicks>90</baseIngestTicks>
			<ingestSound>Ingest_Inject</ingestSound>
			<ingestHoldOffsetStanding>
			<northDefault>
				<offset>(0.18,0,0)</offset>
			</northDefault>
			</ingestHoldOffsetStanding>
			<ingestCommandString>Inject {0}</ingestCommandString>
			<ingestReportString>Injecting {0}.</ingestReportString>
			<useEatingSpeedStat>false</useEatingSpeedStat>
			<chairSearchRadius>0</chairSearchRadius>
			<outcomeDoers>
				<li Class="IngestionOutcomeDoer_GiveHediff">
					<hediffDef>Lactating_Drug</hediffDef>
					<toleranceChemical>Lact-X</toleranceChemical>
				</li>
				<li Class="IngestionOutcomeDoer_GiveHediff">
					<hediffDef>Lact-XHigh</hediffDef>
					<severity>0.75</severity>
					<toleranceChemical>Lact-X</toleranceChemical>
				</li>
				<li Class="IngestionOutcomeDoer_OffsetNeed">
					<need>Joy</need>
					<offset>0.4</offset>
					<toleranceChemical>Lact-X</toleranceChemical>
				</li>
				<li Class="IngestionOutcomeDoer_GiveHediff">
					<hediffDef>Lact-XTolerance</hediffDef>
					<severity>0.044</severity>
					<divideByBodySize>true</divideByBodySize>
				</li>
			</outcomeDoers>
		</ingestible>
		<recipeMaker>
			<recipeUsers>
				<li>DrugLab</li>
			</recipeUsers>
		</recipeMaker>
		<costList>
			<Neutroamine>2</Neutroamine>
			<MedicineHerbal>1</MedicineHerbal>
		</costList>
		<comps>
			<li Class="CompProperties_Drug">
				<chemical>Lact-X</chemical>
				<addictiveness>0.04</addictiveness>
				<minToleranceToAddict>0.03</minToleranceToAddict>
				<existingAddictionSeverityOffset>0.20</existingAddictionSeverityOffset>
				<needLevelOffset>1</needLevelOffset>
				<isCombatEnhancingDrug>false</isCombatEnhancingDrug>
				<listOrder>200</listOrder>
				<overdoseSeverityOffset>
					<min>0.18</min>
					<max>0.35</max>
				</overdoseSeverityOffset>
				<largeOverdoseChance>0.01</largeOverdoseChance>
			</li>
		</comps>
	</ThingDef>
	
	<HediffDef>
		<defName>Lact-XHigh</defName>
		<hediffClass>HediffWithComps</hediffClass>
		<label>high on lact-X</label>
		<labelNoun>a lact-X high</labelNoun>
		<description>High on lact-x</description>
		<defaultLabelColor>(1,0,0.5)</defaultLabelColor>
		<scenarioCanAdd>true</scenarioCanAdd>
		<maxSeverity>1.0</maxSeverity>
		<isBad>false</isBad>
		<comps>
			<li Class="HediffCompProperties_SeverityPerDay">
				<severityPerDay>-1</severityPerDay>
			</li>
		</comps>
		<stages>
			<li>
				<painFactor>0.9</painFactor>
				<capMods>
					<li>
						<capacity>Consciousness</capacity>
						<offset>-0.10</offset>
					</li>
					<li>
						<capacity>Manipulation</capacity>
						<setMax>0.5</setMax>
					</li>
					<li>
						<capacity>Moving</capacity>
						<setMax>0.5</setMax>
					</li>
				</capMods>
			</li>
		</stages>
	</HediffDef>
	
	<ThoughtDef>
		<defName>Lact-XHigh</defName>
		<workerClass>ThoughtWorker_Hediff</workerClass>
		<hediff>Lact-XHigh</hediff>
		<validWhileDespawned>true</validWhileDespawned>
		<stages>
			<li>
				<label>high on lact-x</label>
				<description>I feel like I can fly.</description>
				<baseMoodEffect>5</baseMoodEffect>
			</li>
		</stages>
	</ThoughtDef>
	
	<ChemicalDef>
		<defName>Lact-X</defName>
		<label>lact-X</label>
		<addictionHediff>Lact-XAddiction</addictionHediff>
		<toleranceHediff>Lact-XTolerance</toleranceHediff>
		<onGeneratedAddictedToleranceChance>0.8</onGeneratedAddictedToleranceChance>
	</ChemicalDef>
	
	<NeedDef ParentName="DrugAddictionNeedBase">
		<defName>Chemical_Lact-X</defName>
		<needClass>Need_Chemical</needClass>
		<label>lact-X</label>
		<description>Because of a Lact-X addiction, this person needs to regularly consume the drug to avoid withdrawal symptoms.</description>
		<listPriority>45</listPriority>
	</NeedDef>
	
	<HediffDef ParentName="DrugToleranceBase">
		<defName>Lact-XTolerance</defName>
		<label>lact-X tolerance</label>
		<description>Gaining a tolerance to lact-x</description>
		<comps>
			<li Class="HediffCompProperties_SeverityPerDay">
				<severityPerDay>-0.015</severityPerDay>
			</li>
			<li Class="HediffCompProperties_DrugEffectFactor">
				<chemical>Lact-X</chemical>
			</li>
		</comps>
		<hediffGivers>
			<li Class="HediffGiver_RandomDrugEffect">
				<hediff>ChemicalDamageModerate</hediff>
				<minSeverity>0.50</minSeverity>
				<baseMtbDays>120</baseMtbDays>
				<partsToAffect>
					<li>Stomach</li>
				</partsToAffect>
			</li>
		</hediffGivers>
	</HediffDef>
	
	<HediffDef ParentName="AddictionBase">
		<defName>Lact-XAddiction</defName>
		<hediffClass>Hediff_Addiction</hediffClass>
		<label>lact-X addiction</label>
		<description>Addicted to Lact-X</description>
		<causesNeed>Chemical_Lact-X</causesNeed>
		<initialSeverity>1.0</initialSeverity>
		<maxSeverity>1.0</maxSeverity>
		<comps>
			<li Class="HediffCompProperties_SeverityPerDay">
				<severityPerDay>-0.01</severityPerDay>
			</li>
		</comps>
		<stages>
			<li>
			</li>
			<li>
				<label>withdrawal</label>
				<painFactor>3</painFactor>
				<restFallFactorOffset>0.3</restFallFactorOffset>
				<hungerRateFactorOffset>0.5</hungerRateFactorOffset>
				<capMods>
					<li>
						<capacity>Consciousness</capacity>
						<offset>-0.20</offset>
					</li>
					<li>
						<capacity>Eating</capacity>
						<offset>-0.20</offset>
					</li>
				</capMods>
			</li>
		</stages>
	</HediffDef>
	
	<ThoughtDef>
		<defName>Lact-XWithdrawal</defName>
		<workerClass>ThoughtWorker_Hediff</workerClass>
		<hediff>Lact-XAddiction</hediff>
		<validWhileDespawned>true</validWhileDespawned>
		<stages>
			<li>
				<visible>false</visible>
			</li>
			<li>
				<label>lact-X withdrawal</label>
				<description>I feel heavy and cold all the time.</description>
				<baseMoodEffect>-15</baseMoodEffect>
			</li>
		</stages>
	</ThoughtDef>
	
	<ThingDef ParentName="MakeableDrugBase">
		<defName>Lact-MAX</defName>
		<label>lact-MAX</label>
		<description>A drug that permanently induces lactation and also causes addiction to Lact-X.\n\nNo lactation effect in animals.</description>
		<graphicData>
			<texPath>Things/Item/Drug/Lact-MAX</texPath>
			<graphicClass>Graphic_StackCount</graphicClass>
		</graphicData>
		<rotatable>false</rotatable>
		<statBases>
			<WorkToMake>600</WorkToMake>
			<MarketValue>100</MarketValue>
			<Mass>0.1</Mass>
		</statBases>
		<techLevel>Industrial</techLevel>
		<ingestible>
			<joyKind>Chemical</joyKind>
			<joy>0.40</joy>
			<drugCategory>Hard</drugCategory>
			<foodType>Processed, Fluid</foodType>
			<baseIngestTicks>90</baseIngestTicks>
			<ingestSound>Ingest_Inject</ingestSound>
			<ingestHoldOffsetStanding>
			<northDefault>
				<offset>(0.18,0,0)</offset>
			</northDefault>
			</ingestHoldOffsetStanding>
			<ingestCommandString>Inject {0}</ingestCommandString>
			<ingestReportString>Injecting {0}.</ingestReportString>
			<useEatingSpeedStat>false</useEatingSpeedStat>
			<chairSearchRadius>0</chairSearchRadius>
			<outcomeDoers>
				<li Class="IngestionOutcomeDoer_GiveHediff">
					<hediffDef>Lactating_Permanent</hediffDef>
					<toleranceChemical>Lact-X</toleranceChemical>
				</li>
				<li Class="IngestionOutcomeDoer_GiveHediff">
					<hediffDef>Lact-XHigh</hediffDef>
					<severity>1</severity>
					<toleranceChemical>Lact-X</toleranceChemical>
				</li>
				<li Class="IngestionOutcomeDoer_OffsetNeed">
					<need>Joy</need>
					<offset>0.4</offset>
					<toleranceChemical>Lact-X</toleranceChemical>
				</li>
				<li Class="IngestionOutcomeDoer_GiveHediff">
					<hediffDef>Lact-XTolerance</hediffDef>
					<severity>0.044</severity>
					<divideByBodySize>true</divideByBodySize>
				</li>
			</outcomeDoers>
		</ingestible>
		<recipeMaker>
			<recipeUsers>
				<li>DrugLab</li>
			</recipeUsers>
		</recipeMaker>
		<costList>
			<Lact-X>5</Lact-X>
			<Luciferium>2</Luciferium>
		</costList>
		<comps>
			<li Class="CompProperties_Drug">
				<chemical>Lact-X</chemical>
				<addictiveness>1</addictiveness>
				<minToleranceToAddict>0.03</minToleranceToAddict>
				<existingAddictionSeverityOffset>1</existingAddictionSeverityOffset>
				<needLevelOffset>1</needLevelOffset>
				<isCombatEnhancingDrug>false</isCombatEnhancingDrug>
				<listOrder>200</listOrder>
				<overdoseSeverityOffset>
					<min>0.18</min>
					<max>0.35</max>
				</overdoseSeverityOffset>
				<largeOverdoseChance>0.01</largeOverdoseChance>
			</li>
		</comps>
	</ThingDef>
	
	<ThingDef ParentName="MakeableDrugBase">
		<defName>HyperLact-MAX</defName>
		<label>hyper lact-MAX</label>
		<description>Super-charged Lact-MAX. A drug that permanently induces lactation, at a three-fold increased flow compared to other sources of lactation. Due to its potency, injecting Hyper Lact-MAX causes permanent brain damage.\n\nNo lactation effect in animals.</description>
		<graphicData>
			<texPath>Things/Item/Drug/HyperLact-MAX</texPath>
			<graphicClass>Graphic_StackCount</graphicClass>
		</graphicData>
		<rotatable>false</rotatable>
		<statBases>
			<WorkToMake>600</WorkToMake>
			<MarketValue>400</MarketValue>
			<Mass>0.1</Mass>
		</statBases>
		<techLevel>Industrial</techLevel>
		<ingestible>
			<joyKind>Chemical</joyKind>
			<joy>1.00</joy>
			<drugCategory>Hard</drugCategory>
			<foodType>Processed, Fluid</foodType>
			<baseIngestTicks>90</baseIngestTicks>
			<ingestSound>Ingest_Inject</ingestSound>
			<ingestHoldOffsetStanding>
			<northDefault>
				<offset>(0.18,0,0)</offset>
			</northDefault>
			</ingestHoldOffsetStanding>
			<ingestCommandString>Inject {0}</ingestCommandString>
			<ingestReportString>Injecting {0}.</ingestReportString>
			<useEatingSpeedStat>false</useEatingSpeedStat>
			<chairSearchRadius>0</chairSearchRadius>
			<outcomeDoers>
			<li Class="IngestionOutcomeDoer_GiveHediff">
				<hediffDef>Heavy_Lactating_Permanent</hediffDef>
				<toleranceChemical>Lact-X</toleranceChemical>
			</li>
			<li Class="Milk.IngestionOutcomeDoer_GiveHediffOnce">
				<hediff>ChemicalDamageModerate</hediff>
				<partsToAffect>
					<li>Brain</li>
				</partsToAffect>
			</li>
			<li Class="IngestionOutcomeDoer_GiveHediff">
				<hediffDef>Lact-XHigh</hediffDef>
				<severity>1</severity>
				<toleranceChemical>Lact-X</toleranceChemical>
			</li>
			<li Class="IngestionOutcomeDoer_OffsetNeed">
				<need>Joy</need>
				<offset>1</offset>
				<toleranceChemical>Lact-X</toleranceChemical>
			</li>
			<li Class="IngestionOutcomeDoer_GiveHediff">
				<hediffDef>Lact-XTolerance</hediffDef>
				<severity>0.09</severity>
				<divideByBodySize>true</divideByBodySize>
			</li>
			</outcomeDoers>
		</ingestible>
		<recipeMaker>
			<recipeUsers>
				<li>DrugLab</li>
			</recipeUsers>
		</recipeMaker>
		<costList>
			<Lact-MAX>3</Lact-MAX>
			<Luciferium>4</Luciferium>
		</costList>
		<comps>
			<li Class="CompProperties_Drug">
				<chemical>Lact-X</chemical>
				<addictiveness>1</addictiveness>
				<minToleranceToAddict>0.03</minToleranceToAddict>
				<existingAddictionSeverityOffset>1</existingAddictionSeverityOffset>
				<needLevelOffset>1</needLevelOffset>
				<isCombatEnhancingDrug>false</isCombatEnhancingDrug>
				<listOrder>200</listOrder>
				<overdoseSeverityOffset>
					<min>0.18</min>
					<max>0.35</max>
				</overdoseSeverityOffset>
				<largeOverdoseChance>0.01</largeOverdoseChance>
			</li>
		</comps>
	</ThingDef>
</Defs>
