﻿<?xml version="1.0" encoding="utf-8" ?>
<Defs>
	<HediffDef>
		<defName>Lactating_Drug</defName>
		<hediffClass>HediffWithComps</hediffClass>
		<description>Drugs can force creatures to produce milk even if they would not under normal conditions. Over time, the effects of those drugs will fade, and milk production will cease.</description>
		<defaultLabelColor>(1, 0.41, 0.81)</defaultLabelColor>
		<isBad>false</isBad>
		<label>lactating (drug)</label>
		<stages>
			<li>
				<hungerRateFactorOffset>0.2</hungerRateFactorOffset>
			</li>
		</stages>
		<comps>
			<li Class="HediffCompProperties_Disappears">
			<disappearsAfterTicks>
				<min>200000</min>
				<max>200000</max>
			</disappearsAfterTicks>
			</li>
		</comps>
	</HediffDef>
	
	<HediffDef>
		<defName>Lactating_Permanent</defName>
		<hediffClass>HediffWithComps</hediffClass>
		<description>Certain kinds of drugs can force creatures to produce milk forever by altering body chemistry. Milk production will never cease without some further outside influence.</description>
		<defaultLabelColor>(1, 0.41, 0.81)</defaultLabelColor>
		<isBad>false</isBad>
		<label>lactating (permanent)</label>
		<stages>
			<li>
				<hungerRateFactorOffset>0.2</hungerRateFactorOffset>
			</li>
		</stages>
	</HediffDef>
	
	<HediffDef>
		<defName>Heavy_Lactating_Permanent</defName>
		<hediffClass>HediffWithComps</hediffClass>
		<description>Certain kinds of rare drugs can force creatures to produce large quantities of milk forever by altering body chemistry. Milk production will never cease without some further outside influence.</description>
		<defaultLabelColor>(1, 0.41, 0.81)</defaultLabelColor>
		<isBad>false</isBad>
		<label>lactating heavily (permanent)</label>
		<stages>
			<li>
				<hungerRateFactorOffset>0.5</hungerRateFactorOffset>
				<capMods>
					<li>
						<capacity>Manipulation</capacity>
						<offset>-0.10</offset>
					</li>
					<li>
						<capacity>Moving</capacity>
						<offset>-0.10</offset>
					</li>
				</capMods>
			</li>
		</stages>
	</HediffDef>
	
	<HediffDef>
		<defName>Lactating_Natural</defName>
		<hediffClass>HediffWithComps</hediffClass>
		<description>Creatures will naturally begin producing milk during and after pregnancy. Over time, milk production will cease.</description>
		<defaultLabelColor>(1, 0.41, 0.81)</defaultLabelColor>
		<isBad>false</isBad>
		<label>lactating (natural)</label>
		<stages>
			<li>
				<hungerRateFactorOffset>0.1</hungerRateFactorOffset>
			</li>
		</stages>
		<comps>
			<li Class="HediffCompProperties_Disappears">
				<disappearsAfterTicks>
					<min>2750000</min>
					<max>3000000</max>
				</disappearsAfterTicks>
			</li>
		</comps>
	</HediffDef>
</Defs>
