﻿<?xml version="1.0" encoding="utf-8" ?>
<Defs>
	<ThingDef ParentName="OrganicProductBase">
		<defName>HumanMilk</defName>
		<label>human milk</label>
		<description>Milk from a human. Sweet, and essential for newborn life.</description>
		<graphicData>
			<texPath>Things/Item/Resource/Milk</texPath>
		</graphicData>
		<socialPropernessMatters>true</socialPropernessMatters>
		<statBases>
			<MarketValue>6.1</MarketValue>
			<Mass>0.045</Mass>
			<MaxHitPoints>60</MaxHitPoints>
			<Flammability>0.2</Flammability>
			<Nutrition>0.085</Nutrition>
			<FoodPoisonChanceFixedHuman>0.01</FoodPoisonChanceFixedHuman>
		</statBases>
		<comps>
			<li Class="CompProperties_Rottable">
				<daysToRotStart>8</daysToRotStart>
				<rotDestroys>true</rotDestroys>
			</li>
		</comps>
		<ingestible>
			<preferability>RawTasty</preferability>
			<foodType>AnimalProduct, Fluid</foodType>
		</ingestible>
		<thingCategories>
			<li>AnimalProductRaw</li>
		</thingCategories>
	</ThingDef>
	
	<ThingDef ParentName="OrganicProductBase">
		<defName>HumanoidMilk</defName>
		<label>humanoid milk</label>
		<description>Milk from a humanoid mammal. Sweet, and essential for newborn life.</description>
		<graphicData>
			<texPath>Things/Item/Resource/Milk</texPath>
		</graphicData>
		<socialPropernessMatters>true</socialPropernessMatters>
		<statBases>
			<MarketValue>6.1</MarketValue>
			<Mass>0.045</Mass>
			<MaxHitPoints>60</MaxHitPoints>
			<Flammability>0.2</Flammability>
			<Nutrition>0.085</Nutrition>
			<FoodPoisonChanceFixedHuman>0.01</FoodPoisonChanceFixedHuman>
		</statBases>
		<comps>
			<li Class="CompProperties_Rottable">
				<daysToRotStart>8</daysToRotStart>
				<rotDestroys>true</rotDestroys>
			</li>
		</comps>
		<ingestible>
			<preferability>RawTasty</preferability>
			<foodType>AnimalProduct, Fluid</foodType>
		</ingestible>
		<thingCategories>
			<li>AnimalProductRaw</li>
		</thingCategories>
	</ThingDef>
</Defs>
