<?xml version="1.0" encoding="utf-8" ?>
<Patch>
	<!--RJW breast hunger patch to offset (multibreast) milk production-->
	<Operation Class="PatchOperationSequence">
		<operations>
			<li Class="PatchOperationTest">
				<xpath>Defs/rjw.HediffDef_PartBase[@Name="NaturalPrivatePartBreast"]</xpath>
			</li>
			
			<!--Massive-->
			<li Class="PatchOperationInsert">
				<xpath>Defs/rjw.HediffDef_PartBase[@Name="NaturalPrivatePartBreast"]/stages/li[8]/label</xpath>
				<value>
					<hungerRateFactorOffset>0.05</hungerRateFactorOffset>
				</value>
			</li>
			
			<!--Gargantuan-->
			<li Class="PatchOperationInsert">
				<xpath>Defs/rjw.HediffDef_PartBase[@Name="NaturalPrivatePartBreast"]/stages/li[9]/label</xpath>
				<value>
					<hungerRateFactorOffset>0.10</hungerRateFactorOffset>
				</value>
			</li>
			
			<!--Colossal-->
			<li Class="PatchOperationInsert">
				<xpath>Defs/rjw.HediffDef_PartBase[@Name="NaturalPrivatePartBreast"]/stages/li[10]/label</xpath>
				<value>
					<hungerRateFactorOffset>0.15</hungerRateFactorOffset>
				</value>
			</li>
			
			<!--Titanic-->
			<li Class="PatchOperationInsert">
				<xpath>Defs/rjw.HediffDef_PartBase[@Name="NaturalPrivatePartBreast"]/stages/li[11]/label</xpath>
				<value>
					<hungerRateFactorOffset>0.25</hungerRateFactorOffset>
				</value>
			</li>
		</operations>
	</Operation>
</Patch>